{"_timestamp":1.7405111000826478e+09,"_wandb":{"runtime":0},"_runtime":0.7152922,"_step":0,"accuracy":0.9}