{"_runtime":2.7824521,"_wandb":{"runtime":2},"_step":0,"accuracy":0.9,"_timestamp":1.7405043803083816e+09}